{
 "data_train": [
  0.4194,
  0.2963,
  0.2316,
  0.19269999999999998,
  0.16579999999999998,
  0.146,
  0.1308,
  0.4092,
  0.2896,
  0.2266,
  0.19690000000000002,
  0.17559999999999998,
  0.1594,
  0.1465,
  0.3893,
  0.2725,
  0.2116,
  0.18710000000000002,
  0.16920000000000002,
  0.1555,
  0.1444,
  0.3504,
  0.22640000000000002,
  0.1661,
  0.1496,
  0.1374,
  0.12789999999999999,
  0.1201,
  0.3642,
  0.237,
  0.1748,
  0.157,
  0.1438,
  0.1335,
  0.1252,
  0.3471,
  0.2167,
  0.1551,
  0.14300000000000002,
  0.1338,
  0.1265,
  0.1206,
  0.33270000000000005,
  0.2208,
  0.16510000000000002,
  0.1519,
  0.1419,
  0.134,
  0.1275,
  0.29969999999999997,
  0.18969999999999998,
  0.1371,
  0.1266,
  0.11869999999999999,
  0.11230000000000001,
  0.10710000000000001,
  0.2682,
  0.1693,
  0.12210000000000001,
  0.114,
  0.10779999999999999,
  0.10279999999999999,
  0.0986,
  0.2961,
  0.2,
  0.1514,
  0.1423,
  0.1352,
  0.12960000000000002,
  0.12480000000000001,
  0.2594,
  0.1757,
  0.1332,
  0.1274,
  0.1229,
  0.1191,
  0.11599999999999999,
  0.2861,
  0.19510000000000002,
  0.1487,
  0.141,
  0.135,
  0.1301,
  0.126,
  0.2955,
  0.20199999999999999,
  0.1542,
  0.1458,
  0.1393,
  0.134,
  0.1295,
  0.30519999999999997,
  0.207,
  0.1572,
  0.1478,
  0.1405,
  0.1346,
  0.1297
 ],
 "data_target": [
  0.0779,
  0.0987,
  0.10220000000000001,
  0.08960000000000001,
  0.0925,
  0.0959,
  0.1008,
  0.08560000000000001,
  0.0812,
  0.1048,
  0.1023,
  0.1084,
  0.1106,
  0.109
 ]
}