{
 "data_train": [
  0.38170000000000004,
  0.2705,
  0.2119,
  0.1917,
  0.1766,
  0.1648,
  0.1552,
  0.38770000000000004,
  0.2747,
  0.2152,
  0.1937,
  0.1778,
  0.1654,
  0.1553,
  0.3969,
  0.26739999999999997,
  0.2021,
  0.1822,
  0.1674,
  0.1558,
  0.1464,
  0.35369999999999996,
  0.24350000000000002,
  0.1868,
  0.1668,
  0.152,
  0.1406,
  0.13140000000000002,
  0.31129999999999997,
  0.21739999999999998,
  0.1685,
  0.1536,
  0.1424,
  0.1336,
  0.1264,
  0.28350000000000003,
  0.19829999999999998,
  0.15380000000000002,
  0.1426,
  0.1341,
  0.1272,
  0.1216,
  0.28300000000000003,
  0.18960000000000002,
  0.1427,
  0.1322,
  0.1243,
  0.11789999999999999,
  0.11259999999999999,
  0.2867,
  0.1907,
  0.1427,
  0.1331,
  0.12560000000000002,
  0.1197,
  0.1148,
  0.3135,
  0.2118,
  0.1603,
  0.1482,
  0.139,
  0.1317,
  0.12560000000000002,
  0.3015,
  0.21109999999999998,
  0.16399999999999998,
  0.1517,
  0.1424,
  0.1349,
  0.1288,
  0.32130000000000003,
  0.2212,
  0.1697,
  0.1542,
  0.1427,
  0.1335,
  0.1261,
  0.2952,
  0.2143,
  0.17079999999999998,
  0.15689999999999998,
  0.1464,
  0.138,
  0.13119999999999998,
  0.33799999999999997,
  0.2349,
  0.1814,
  0.16690000000000002,
  0.1558,
  0.1471,
  0.1399,
  0.3362,
  0.2275,
  0.1724,
  0.1573,
  0.146,
  0.1371,
  0.1298,
  0.3713,
  0.2539,
  0.19390000000000002,
  0.1765,
  0.1634,
  0.1531,
  0.1447,
  0.3653,
  0.24050000000000002,
  0.1787,
  0.1631,
  0.15130000000000002,
  0.142,
  0.1344,
  0.34759999999999996,
  0.2343,
  0.1772,
  0.16260000000000002,
  0.1517,
  0.14300000000000002,
  0.1358,
  0.3233,
  0.20980000000000001,
  0.15439999999999998,
  0.141,
  0.131,
  0.1231,
  0.1166,
  0.3458,
  0.2167,
  0.1555,
  0.1445,
  0.1361,
  0.1294,
  0.12380000000000001,
  0.31120000000000003,
  0.2028,
  0.1497,
  0.13970000000000002,
  0.1321,
  0.126,
  0.1209,
  0.3004,
  0.2057,
  0.1572,
  0.1475,
  0.1401,
  0.1341,
  0.1291,
  0.309,
  0.2141,
  0.165,
  0.1548,
  0.147,
  0.1406,
  0.1354,
  0.365,
  0.2507,
  0.192,
  0.17579999999999998,
  0.1635,
  0.15380000000000002,
  0.1458,
  0.39549999999999996,
  0.2788,
  0.2175,
  0.1971,
  0.1818,
  0.1699,
  0.16010000000000002
 ],
 "data_target": [
  0.11699999999999999,
  0.11560000000000001,
  0.1093,
  0.0955,
  0.0974,
  0.09820000000000001,
  0.0909,
  0.0941,
  0.1007,
  0.1035,
  0.09630000000000001,
  0.1033,
  0.1105,
  0.10039999999999999,
  0.1109,
  0.1038,
  0.1067,
  0.0904,
  0.1007,
  0.09960000000000001,
  0.1079,
  0.11320000000000001,
  0.11359999999999999,
  0.1213
 ]
}