{
 "data_train": [
  0.34619999999999995,
  0.26899999999999996,
  0.2249,
  0.21030000000000001,
  0.1991,
  0.19010000000000002,
  0.1827,
  0.3566,
  0.2749,
  0.2286,
  0.21230000000000002,
  0.1998,
  0.18989999999999999,
  0.1816,
  0.35350000000000004,
  0.27699999999999997,
  0.233,
  0.2163,
  0.20350000000000001,
  0.1934,
  0.18489999999999998,
  0.33140000000000003,
  0.2584,
  0.2165,
  0.2016,
  0.19010000000000002,
  0.1809,
  0.17329999999999998,
  0.3212,
  0.2452,
  0.2025,
  0.18989999999999999,
  0.1802,
  0.1724,
  0.1659,
  0.3209,
  0.23800000000000002,
  0.1925,
  0.1801,
  0.17059999999999997,
  0.1629,
  0.1566,
  0.31920000000000004,
  0.2404,
  0.1966,
  0.1837,
  0.17379999999999998,
  0.1659,
  0.1593,
  0.31989999999999996,
  0.22649999999999998,
  0.1773,
  0.1643,
  0.15439999999999998,
  0.1464,
  0.1399,
  0.34159999999999996,
  0.262,
  0.217,
  0.2028,
  0.19190000000000002,
  0.18309999999999998,
  0.1759,
  0.3497,
  0.2704,
  0.2253,
  0.20929999999999999,
  0.1972,
  0.18739999999999998,
  0.1794,
  0.3638,
  0.2641,
  0.21050000000000002,
  0.1943,
  0.182,
  0.1722,
  0.1642,
  0.3546,
  0.2563,
  0.2036,
  0.187,
  0.1744,
  0.16440000000000002,
  0.1563,
  0.3285,
  0.2491,
  0.2047,
  0.18989999999999999,
  0.17859999999999998,
  0.16949999999999998,
  0.16210000000000002,
  0.31579999999999997,
  0.22769999999999999,
  0.18059999999999998,
  0.17,
  0.1618,
  0.1552,
  0.1497,
  0.3319,
  0.2404,
  0.1913,
  0.1782,
  0.16820000000000002,
  0.1602,
  0.1536,
  0.31129999999999997,
  0.2293,
  0.18460000000000001,
  0.1734,
  0.1648,
  0.1578,
  0.152,
  0.314,
  0.2339,
  0.1898,
  0.17800000000000002,
  0.16899999999999998,
  0.1617,
  0.15560000000000002,
  0.2752,
  0.2016,
  0.1616,
  0.1536,
  0.14730000000000001,
  0.1422,
  0.138,
  0.2685,
  0.19190000000000002,
  0.15130000000000002,
  0.1449,
  0.1399,
  0.1358,
  0.1324,
  0.2953,
  0.21739999999999998,
  0.17489999999999997,
  0.1679,
  0.1625,
  0.158,
  0.1542,
  0.3124,
  0.23379999999999998,
  0.19039999999999999,
  0.1844,
  0.1796,
  0.1757,
  0.1723,
  0.3107,
  0.2286,
  0.184,
  0.1773,
  0.1721,
  0.1677,
  0.1641,
  0.3152,
  0.2306,
  0.18469999999999998,
  0.1769,
  0.1709,
  0.1659,
  0.1617,
  0.3188,
  0.23199999999999998,
  0.1852,
  0.17629999999999998,
  0.1693,
  0.1636,
  0.1588
 ],
 "data_target": [
  0.15130000000000002,
  0.1475,
  0.15,
  0.1417,
  0.1384,
  0.1298,
  0.1316,
  0.11289999999999999,
  0.14529999999999998,
  0.1459,
  0.1311,
  0.1229,
  0.1311,
  0.12619999999999998,
  0.1259,
  0.1275,
  0.12990000000000002,
  0.1195,
  0.1173,
  0.1377,
  0.1575,
  0.1479,
  0.1434,
  0.1381
 ]
}