{
 "data_train": [
  0.5018,
  0.38909999999999995,
  0.3249,
  0.2773,
  0.2437,
  0.21850000000000003,
  0.19870000000000002,
  0.4996,
  0.38420000000000004,
  0.3189,
  0.2716,
  0.2382,
  0.2132,
  0.1937,
  0.46020000000000005,
  0.35240000000000005,
  0.2915,
  0.2488,
  0.2186,
  0.196,
  0.1782,
  0.4046,
  0.2959,
  0.237,
  0.20600000000000002,
  0.1837,
  0.1668,
  0.1534,
  0.42719999999999997,
  0.31579999999999997,
  0.2548,
  0.218,
  0.19190000000000002,
  0.1722,
  0.15689999999999998,
  0.4276,
  0.3206,
  0.2614,
  0.22820000000000001,
  0.20420000000000002,
  0.1859,
  0.1714,
  0.5149,
  0.41619999999999996,
  0.3579,
  0.32189999999999996,
  0.2952,
  0.2743,
  0.2575,
  0.5336,
  0.4291,
  0.3676,
  0.3271,
  0.2973,
  0.2742,
  0.2557,
  0.4919,
  0.3883,
  0.3283,
  0.2898,
  0.26170000000000004,
  0.2401,
  0.2228,
  0.45280000000000004,
  0.35090000000000005,
  0.2929,
  0.25329999999999997,
  0.225,
  0.20350000000000001,
  0.1866,
  0.4035,
  0.3069,
  0.2527,
  0.2224,
  0.2003,
  0.1834,
  0.1699,
  0.4065,
  0.3096,
  0.2552,
  0.2214,
  0.1972,
  0.1788,
  0.1643,
  0.3839,
  0.2851,
  0.2309,
  0.20370000000000002,
  0.1838,
  0.1686,
  0.1564,
  0.36090000000000005,
  0.26739999999999997,
  0.2161,
  0.1913,
  0.17309999999999998,
  0.1591,
  0.1479,
  0.38020000000000004,
  0.2788,
  0.2237,
  0.1936,
  0.172,
  0.15560000000000002,
  0.1427,
  0.37,
  0.2752,
  0.223,
  0.19440000000000002,
  0.17379999999999998,
  0.15810000000000002,
  0.1457,
  0.34119999999999995,
  0.249,
  0.19920000000000002,
  0.17489999999999997,
  0.1573,
  0.1438,
  0.1331,
  0.3477,
  0.252,
  0.2005,
  0.1783,
  0.162,
  0.1493,
  0.1392,
  0.3425,
  0.2327,
  0.1769,
  0.1537,
  0.13699999999999998,
  0.1243,
  0.1142,
  0.32789999999999997,
  0.23329999999999998,
  0.1833,
  0.16399999999999998,
  0.14980000000000002,
  0.1388,
  0.12990000000000002,
  0.33759999999999996,
  0.2438,
  0.1936,
  0.1744,
  0.1602,
  0.149,
  0.14,
  0.33990000000000004,
  0.2426,
  0.191,
  0.1707,
  0.1557,
  0.14400000000000002,
  0.13470000000000001,
  0.3394,
  0.2455,
  0.19510000000000002,
  0.1747,
  0.15960000000000002,
  0.1479,
  0.1384,
  0.34850000000000003,
  0.2523,
  0.2006,
  0.17739999999999997,
  0.1605,
  0.1475,
  0.1371
 ],
 "data_target": [
  0.1273,
  0.1232,
  0.11410000000000001,
  0.10339999999999999,
  0.10099999999999999,
  0.11689999999999999,
  0.191,
  0.1839,
  0.1567,
  0.124,
  0.1185,
  0.11019999999999999,
  0.1099,
  0.10490000000000001,
  0.0949,
  0.099,
  0.09230000000000001,
  0.1,
  0.0768,
  0.0951,
  0.10439999999999999,
  0.0981,
  0.1014,
  0.0971
 ]
}