{
 "data_train": [
  0.2943,
  0.19399999999999998,
  0.1444,
  0.1255,
  0.11199999999999999,
  0.1017,
  0.09359999999999999,
  0.4165,
  0.29109999999999997,
  0.22579999999999997,
  0.19390000000000002,
  0.17120000000000002,
  0.15410000000000001,
  0.1406,
  0.451,
  0.33640000000000003,
  0.2732,
  0.2303,
  0.2003,
  0.17800000000000002,
  0.1607,
  0.3923,
  0.27140000000000003,
  0.2089,
  0.1777,
  0.15560000000000002,
  0.1391,
  0.1263,
  0.4335,
  0.3127,
  0.248,
  0.2122,
  0.1868,
  0.1677,
  0.1527,
  0.33030000000000004,
  0.2293,
  0.1769,
  0.1591,
  0.1459,
  0.1356,
  0.1273,
  0.3025,
  0.2228,
  0.1793,
  0.16440000000000002,
  0.1531,
  0.1442,
  0.1369,
  0.3344,
  0.2293,
  0.1754,
  0.1585,
  0.1459,
  0.136,
  0.128,
  0.2735,
  0.1776,
  0.1308,
  0.1198,
  0.1116,
  0.105,
  0.09970000000000001,
  0.3519,
  0.2483,
  0.19390000000000002,
  0.16879999999999998,
  0.1507,
  0.13699999999999998,
  0.1261,
  0.3428,
  0.23010000000000003,
  0.17329999999999998,
  0.1519,
  0.1364,
  0.1246,
  0.1151,
  0.35109999999999997,
  0.2371,
  0.1795,
  0.1566,
  0.14,
  0.1274,
  0.1174,
  0.2818,
  0.1822,
  0.13369999999999999,
  0.1202,
  0.11019999999999999,
  0.1024,
  0.09609999999999999,
  0.35359999999999997,
  0.24480000000000002,
  0.1886,
  0.1656,
  0.1489,
  0.1361,
  0.1259,
  0.3577,
  0.25120000000000003,
  0.1955,
  0.1709,
  0.1531,
  0.13949999999999999,
  0.12869999999999998,
  0.35869999999999996,
  0.2452,
  0.18719999999999998,
  0.1632,
  0.1459,
  0.13269999999999998,
  0.1223,
  0.3568,
  0.2368,
  0.177,
  0.15380000000000002,
  0.13720000000000002,
  0.1246,
  0.11449999999999999,
  0.3144,
  0.2253,
  0.1779,
  0.158,
  0.1433,
  0.1321,
  0.12300000000000001,
  0.2965,
  0.19920000000000002,
  0.1502,
  0.1349,
  0.12359999999999999,
  0.1148,
  0.10769999999999999,
  0.2909,
  0.1885,
  0.13849999999999998,
  0.1246,
  0.1142,
  0.10619999999999999,
  0.09960000000000001,
  0.29460000000000003,
  0.19699999999999998,
  0.14800000000000002,
  0.1358,
  0.1265,
  0.1192,
  0.11320000000000001,
  0.27390000000000003,
  0.1864,
  0.1419,
  0.1311,
  0.1229,
  0.11630000000000001,
  0.111,
  0.2729,
  0.184,
  0.1392,
  0.1283,
  0.1201,
  0.11349999999999999,
  0.1081
 ],
 "data_target": [
  0.06309999999999999,
  0.0916,
  0.0993,
  0.08,
  0.0984,
  0.0944,
  0.1072,
  0.09609999999999999,
  0.0779,
  0.08529999999999999,
  0.0794,
  0.0799,
  0.0712,
  0.0873,
  0.08810000000000001,
  0.08310000000000001,
  0.07719999999999999,
  0.08800000000000001,
  0.0796,
  0.0739,
  0.0888,
  0.0888,
  0.086
 ]
}