{
 "data_train": [
  0.42979999999999996,
  0.3109,
  0.24710000000000001,
  0.2053,
  0.1765,
  0.1553,
  0.139,
  0.0825,
  0.4902,
  0.36719999999999997,
  0.2991,
  0.2506,
  0.2169,
  0.192,
  0.1727,
  0.10490000000000001,
  0.3751,
  0.2673,
  0.2102,
  0.1821,
  0.162,
  0.1467,
  0.1346,
  0.0898,
  0.4371,
  0.31370000000000003,
  0.24789999999999998,
  0.2137,
  0.1893,
  0.17079999999999998,
  0.1563,
  0.10289999999999999,
  0.365,
  0.2783,
  0.2296,
  0.2016,
  0.1813,
  0.16570000000000001,
  0.1533,
  0.1063,
  0.3697,
  0.2854,
  0.2376,
  0.2113,
  0.192,
  0.1771,
  0.16510000000000002,
  0.1186,
  0.3969,
  0.2966,
  0.2412,
  0.2224,
  0.20809999999999998,
  0.1968,
  0.18739999999999998,
  0.1491,
  0.38539999999999996,
  0.2897,
  0.2365,
  0.21719999999999998,
  0.2027,
  0.1911,
  0.1816,
  0.1429,
  0.3766,
  0.2889,
  0.23929999999999998,
  0.2195,
  0.2046,
  0.19269999999999998,
  0.183,
  0.1435,
  0.353,
  0.2669,
  0.2188,
  0.2036,
  0.192,
  0.1827,
  0.175,
  0.14279999999999998,
  0.3764,
  0.2809,
  0.22820000000000001,
  0.2119,
  0.1993,
  0.1893,
  0.18109999999999998,
  0.14679999999999999,
  0.3236,
  0.2375,
  0.19079999999999997,
  0.1771,
  0.16670000000000001,
  0.1583,
  0.1514,
  0.12279999999999999,
  0.3196,
  0.2384,
  0.1936,
  0.1805,
  0.1704,
  0.1623,
  0.15560000000000002,
  0.1276,
  0.2877,
  0.22760000000000002,
  0.19269999999999998,
  0.1808,
  0.1716,
  0.1642,
  0.15810000000000002,
  0.1321,
  0.2909,
  0.2168,
  0.1759,
  0.1618,
  0.151,
  0.1425,
  0.1355,
  0.1069,
  0.268,
  0.19210000000000002,
  0.1517,
  0.1438,
  0.1377,
  0.13269999999999998,
  0.1285,
  0.1106,
  0.27699999999999997,
  0.2073,
  0.16870000000000002,
  0.1592,
  0.1518,
  0.1459,
  0.1409,
  0.11960000000000001,
  0.3139,
  0.23420000000000002,
  0.19030000000000002,
  0.1794,
  0.171,
  0.1642,
  0.1586,
  0.1344,
  0.34509999999999996,
  0.2632,
  0.21719999999999998,
  0.2061,
  0.19760000000000003,
  0.1906,
  0.18469999999999998,
  0.15960000000000002,
  0.3691,
  0.26839999999999997,
  0.21420000000000003,
  0.2023,
  0.1931,
  0.1856,
  0.1794,
  0.1527,
  0.38079999999999997,
  0.2782,
  0.2227,
  0.2069,
  0.19469999999999998,
  0.185,
  0.177,
  0.1438
 ],
 "data_target": [
  0.0452,
  0.059000000000000004,
  0.056299999999999996,
  0.0635,
  0.0697,
  0.081,
  0.11449999999999999,
  0.10830000000000001,
  0.10830000000000001,
  0.113,
  0.1152,
  0.0964,
  0.1015,
  0.1073,
  0.08130000000000001,
  0.09300000000000001,
  0.099,
  0.11109999999999999,
  0.13470000000000001,
  0.1268,
  0.1131
 ]
}