{
 "data_train": [
  0.498,
  0.3486,
  0.2707,
  0.2262,
  0.1954,
  0.1726,
  0.155,
  0.4993,
  0.37670000000000003,
  0.3084,
  0.2616,
  0.22870000000000001,
  0.2041,
  0.185,
  0.5059,
  0.3912,
  0.3259,
  0.2728,
  0.23600000000000002,
  0.2087,
  0.18760000000000002,
  0.4966,
  0.3564,
  0.2816,
  0.23149999999999998,
  0.1973,
  0.1723,
  0.1533,
  0.42869999999999997,
  0.3056,
  0.2404,
  0.2025,
  0.17600000000000002,
  0.1563,
  0.141,
  0.43320000000000003,
  0.2876,
  0.2151,
  0.1816,
  0.1582,
  0.1407,
  0.1272,
  0.455,
  0.3185,
  0.2473,
  0.2132,
  0.1889,
  0.1705,
  0.1561,
  0.46409999999999996,
  0.332,
  0.26170000000000004,
  0.2284,
  0.20440000000000003,
  0.18600000000000003,
  0.17149999999999999,
  0.5639,
  0.4547,
  0.39030000000000004,
  0.36310000000000003,
  0.3423,
  0.3256,
  0.3118,
  0.5507,
  0.4557,
  0.39840000000000003,
  0.3736,
  0.3544,
  0.33899999999999997,
  0.3262,
  0.4805,
  0.3906,
  0.3372,
  0.3157,
  0.2992,
  0.2859,
  0.2749,
  0.4157,
  0.33909999999999996,
  0.29350000000000004,
  0.2698,
  0.2519,
  0.2376,
  0.226,
  0.3575,
  0.27949999999999997,
  0.2348,
  0.2145,
  0.19920000000000002,
  0.18710000000000002,
  0.1772,
  0.2829,
  0.21760000000000002,
  0.1807,
  0.16690000000000002,
  0.1565,
  0.1482,
  0.1414,
  0.2503,
  0.1751,
  0.1358,
  0.12359999999999999,
  0.1144,
  0.1072,
  0.1013,
  0.2343,
  0.1562,
  0.11720000000000001,
  0.1052,
  0.09630000000000001,
  0.0894,
  0.08380000000000001,
  0.2286,
  0.1461,
  0.1063,
  0.09380000000000001,
  0.08470000000000001,
  0.0776,
  0.07200000000000001,
  0.2206,
  0.1373,
  0.0981,
  0.086,
  0.07719999999999999,
  0.0705,
  0.0652,
  0.20559999999999998,
  0.1225,
  0.0848,
  0.075,
  0.0678,
  0.0623,
  0.057800000000000004,
  0.2046,
  0.1225,
  0.0851,
  0.07690000000000001,
  0.0709,
  0.0661,
  0.0623,
  0.2064,
  0.12140000000000001,
  0.0833,
  0.0753,
  0.0694,
  0.06480000000000001,
  0.061,
  0.20309999999999997,
  0.1204,
  0.083,
  0.075,
  0.069,
  0.0643,
  0.0605,
  0.2139,
  0.12710000000000002,
  0.08789999999999999,
  0.0788,
  0.0722,
  0.067,
  0.06280000000000001,
  0.23,
  0.1373,
  0.09519999999999999,
  0.0843,
  0.07629999999999999,
  0.0702,
  0.0652
 ],
 "data_target": [
  0.0935,
  0.11630000000000001,
  0.1137,
  0.0883,
  0.087,
  0.079,
  0.10279999999999999,
  0.11689999999999999,
  0.2544,
  0.2721,
  0.22829999999999998,
  0.1783,
  0.1373,
  0.11320000000000001,
  0.07769999999999999,
  0.061799999999999994,
  0.0506,
  0.045,
  0.0409,
  0.046900000000000004,
  0.046,
  0.0454,
  0.0463,
  0.0463
 ]
}